{"stat.useItem.minecraft.command_block":9,"stat.walkOneCm":682426,"stat.useItem.minecraft.sticky_piston":18,"stat.useItem.minecraft.stone":214,"stat.useItem.minecraft.repeater":81,"stat.leaveGame":14,"stat.useItem.minecraft.comparator":5,"stat.jump":1678,"stat.useItem.minecraft.redstone_block":10,"stat.useItem.minecraft.redstone":146,"stat.crouchOneCm":2273,"stat.useItem.minecraft.redstone_torch":15,"stat.useItem.minecraft.stone_button":4,"stat.sprintOneCm":11589,"achievement.exploreAllBiomes":{"value":0,"progress":["Plains"]},"stat.useItem.minecraft.stone_slab":40,"stat.useItem.minecraft.redstone_lamp":9,"achievement.openInventory":659,"stat.damageTaken":1720,"stat.flyOneCm":23859988,"stat.deaths":1,"stat.drop":33,"stat.playOneMinute":1867325,"stat.damageDealt":20,"stat.useItem.minecraft.wool":17,"stat.timeSinceDeath":175526,"stat.useItem.minecraft.sign":20}